Date,Clean_Solar_Generation,Trend_Seasonal_Component
2/16/2018,52.72399897,2.631894493
2/17/2018,27.49649944,17.33764736
2/18/2018,14.15227749,31.87672671
2/19/2018,51.48338783,46.19671785
2/20/2018,78.21772068,60.24716125
2/21/2018,58.29133221,73.97968708
2/22/2018,50.36233206,87.34814148
2/23/2018,88.69616507,100.3087043
2/24/2018,72.06372086,112.8199977
2/25/2018,62.22577685,124.8431858
2/26/2018,90.12122089,136.3420649
2/27/2018,65.77110999,147.2831429
2/28/2018,94.90405401,157.6357104
3/1/2018,64.99977671,167.3719005
3/2/2018,18.20899957,176.4667385
3/3/2018,67.81294331,184.8981814
3/4/2018,76.36566524,192.6471473
3/5/2018,98.4214154,199.6975337
3/6/2018,97.67694323,206.036226
3/7/2018,94.74455434,211.653095
3/8/2018,45.12983245,216.5409849
3/9/2018,72.24899873,220.6956908
3/10/2018,101.7797767,224.1159257
3/11/2018,103.0633314,226.8032788
3/12/2018,87.21013764,228.7621634
3/13/2018,95.24369248,229.9997557
3/14/2018,3.348777751,230.5259251
3/15/2018,32.29283273,230.3531549
3/16/2018,77.65316538,229.4964558
3/17/2018,38.89661031,227.9732704
3/18/2018,63.66530441,225.8033713
3/19/2018,101.3329427,223.0087509
3/20/2018,97.07369297,219.6135053
3/21/2018,77.16516568,215.6437123
3/22/2018,58.69155427,211.1273029
3/23/2018,109.7009979,206.0939283
3/24/2018,66.29955456,200.5748219
3/25/2018,48.74105465,194.6026574
3/26/2018,117.3215541,188.2114035
3/27/2018,86.8316097,181.4361749
3/28/2018,36.78599937,174.3130819
3/29/2018,77.02327673,166.8790775
3/30/2018,46.94205483,159.1718031
3/31/2018,74.93983188,151.2294339
4/1/2018,92.76105368,143.090524
4/2/2018,92.52841508,134.7938518
4/3/2018,119.3519974,126.3782666
4/4/2018,110.328665,117.8825364
4/5/2018,109.0043308,109.3451984
4/6/2018,112.7916091,100.8044114
4/7/2018,82.55666519,92.29781156
4/8/2018,10.76849948,83.86237223
4/9/2018,107.4143315,75.53426724
4/10/2018,91.59227628,67.34873919
4/11/2018,37.63427704,59.33997263
4/12/2018,20.44711049,51.54097275
4/13/2018,73.0583321,43.98344984
4/14/2018,99.70877628,36.69771005
4/15/2018,90.18472084,29.7125527
4/16/2018,27.23277727,23.05517453
4/17/2018,114.5916659,16.75108104
4/18/2018,120.8760536,10.82400545
4/19/2018,118.0107207,5.29583522
4/20/2018,112.1976376,0.18654652
4/21/2018,29.72872171,-4.485853196
4/22/2018,111.2533321,-8.705374446
4/23/2018,112.5462204,-12.45808662
4/24/2018,110.0045259,-15.73215047
4/25/2018,87.51055453,-18.51784219
4/26/2018,119.699498,-20.80756895
4/27/2018,118.4550538,-22.59587608
4/28/2018,115.6361091,-23.87944576
4/29/2018,75.30972097,-24.65708748
4/30/2018,119.4673874,-24.92972019
5/1/2018,83.45688749,-24.70034652
5/2/2018,115.5236094,-23.97401896
5/3/2018,115.2862206,-22.75779848
5/4/2018,86.04977628,-21.06070557
5/5/2018,102.0716649,-18.89366417
5/6/2018,110.7354428,-16.26943857
5/7/2018,88.08222068,-13.20256379
5/8/2018,94.01677642,-9.709269545
5/9/2018,49.75727687,-5.807398354
5/10/2018,37.38377715,-1.516318005
5/11/2018,57.56311019,3.143171156
5/12/2018,122.7157202,8.148933725
5/13/2018,122.5723874,13.47760113
5/14/2018,116.3147208,19.10467743
5/15/2018,118.8423321,25.00464868
5/16/2018,117.0610541,31.15109522
5/17/2018,18.83549961,37.51680667
5/18/2018,93.02372045,44.07389896
5/19/2018,117.4876093,50.79393298
5/20/2018,124.8896644,57.64803446
5/21/2018,113.4247756,64.60701446
5/22/2018,111.8913317,71.64149009
5/23/2018,117.6770536,78.72200494
5/24/2018,96.68216496,85.81914881
5/25/2018,106.9618318,92.9036762
5/26/2018,102.1902762,99.94662311
5/27/2018,108.2785537,106.9194218
5/28/2018,119.1525532,113.794013
5/29/2018,122.2146088,120.5429551
5/30/2018,96.93838723,127.1395298
5/31/2018,20.6199995,133.5578447
6/1/2018,51.55761022,139.7729307
6/2/2018,111.6039986,145.7608358
6/3/2018,119.3593869,151.4987137
6/4/2018,99.80705469,156.9649072
6/5/2018,111.5033314,162.1390263
6/6/2018,122.1597203,167.0020205
6/7/2018,111.125387,171.5362456
6/8/2018,118.4608872,175.7255234
6/9/2018,73.38138759,179.5551962
6/10/2018,55.96549902,183.0121736
6/11/2018,62.1799432,186.0849739
6/12/2018,127.4298037,188.7637575
6/13/2018,119.698526,191.0403544
6/14/2018,70.86933206,192.9082841
6/15/2018,85.05838739,194.3627691
6/16/2018,77.27105406,195.4007408
6/17/2018,101.7525537,196.0208395
6/18/2018,61.90744319,196.2234061
6/19/2018,107.8604983,196.0104686
6/20/2018,116.5102203,195.3857204
6/21/2018,120.4107757,194.3544932
6/22/2018,88.82027659,192.9237226
6/23/2018,55.81649903,191.1019084
6/24/2018,107.5329982,188.8990681
6/25/2018,98.73849842,186.3266847
6/26/2018,124.6071094,183.3976495
6/27/2018,124.0778318,180.1261991
6/28/2018,67.57249875,176.5278471
6/29/2018,67.08805448,172.6193125
6/30/2018,88.94460907,168.4184418
7/1/2018,87.65005432,163.9441286
7/2/2018,43.15105462,159.2162289
7/3/2018,67.72355434,154.2554729
7/4/2018,102.9619151,149.0833743
7/5/2018,121.3363311,143.722137
7/6/2018,103.3333875,138.194559
7/7/2018,99.04972056,132.5239355
7/8/2018,117.9513307,126.7339595
7/9/2018,111.7447759,120.8486229
7/10/2018,62.95205422,114.8921155
7/11/2018,121.8232757,108.8887249
7/12/2018,116.8204979,102.8627361
7/13/2018,116.575665,96.83833222
7/14/2018,102.1262211,90.83949592
7/15/2018,113.6734428,84.88991229
7/16/2018,116.5066653,79.01287374
7/17/2018,71.15788772,73.23118696
7/18/2018,106.7326652,67.56708253
7/19/2018,110.5319979,62.04212732
7/20/2018,119.4359976,56.67714029
7/21/2018,113.6129978,51.4921117
7/22/2018,100.8044985,46.50612633
7/23/2018,109.9346101,41.7372908
7/24/2018,47.46527684,37.20266527
7/25/2018,109.6936649,32.91819996
7/26/2018,105.0903592,28.89867641
7/27/2018,104.7124423,25.15765403
7/28/2018,112.6942202,21.70742183
7/29/2018,114.4844431,18.55895567
7/30/2018,107.202276,15.72188114
7/31/2018,100.7179988,13.20444218
8/1/2018,107.1584989,11.01347545
8/2/2018,107.6054426,9.154390751
8/3/2018,94.21305378,7.631157233
8/4/2018,68.50810983,6.446295697
8/5/2018,56.58899895,5.600876801
8/6/2018,98.63694275,5.094525245
8/7/2018,87.42755416,4.925429843
8/8/2018,93.91483104,5.090359418
8/9/2018,90.52516461,5.584684435
8/10/2018,84.37205396,6.402404242
8/11/2018,65.43711007,7.536179785
8/12/2018,88.83077648,8.977371638
8/13/2018,108.3838314,10.71608315
8/14/2018,90.32566501,12.74120855
8/15/2018,49.75177687,15.04048569
8/16/2018,75.89222066,17.60055339
8/17/2018,61.20938803,20.40701281
8/18/2018,61.7520545,23.44449294
8/19/2018,65.26827679,26.69671966
8/20/2018,90.35627597,30.14658814
8/21/2018,104.9927211,33.77623835
8/22/2018,74.78216506,37.56713323
8/23/2018,90.90316567,41.50013931
8/24/2018,30.53844373,45.55560936
8/25/2018,79.62488746,49.71346671
8/26/2018,43.20511034,53.95329098
8/27/2018,29.18222181,58.25440478
8/28/2018,77.29577648,62.59596106
8/29/2018,65.39466542,66.95703072
8/30/2018,91.40772103,71.31669021
8/31/2018,105.8896648,75.65410857
9/1/2018,79.41683202,79.94863385
9/2/2018,87.46260946,84.17987821
9/3/2018,48.45638788,88.32780175
9/4/2018,86.21922088,92.37279429
9/5/2018,106.0956096,96.29575525
9/6/2018,99.18405366,100.0781709
9/7/2018,87.40072038,103.7021889
9/8/2018,81.19716577,107.1506898
9/9/2018,74.01960981,110.4073553
9/10/2018,55.1399434,113.4567328
9/11/2018,99.24033181,116.2842959
9/12/2018,73.10322118,118.8765014
9/13/2018,39.02772138,121.2208415
9/14/2018,37.29599934,123.3058916
9/15/2018,17.61316655,125.1213537
9/16/2018,14.59311086,126.6580947
9/17/2018,54.00772117,127.9081799
9/18/2018,32.55572163,128.8649011
9/19/2018,40.07538821,129.5228005
9/20/2018,59.54016553,129.8776877
9/21/2018,51.09638791,129.9266532
9/22/2018,16.21894416,129.6680752
9/23/2018,23.36777725,129.1016222
9/24/2018,46.21888817,128.2282488
9/25/2018,78.36063733,127.050188
9/26/2018,43.26366593,125.5709367
9/27/2018,22.27588856,123.7952374
9/28/2018,47.88372143,121.7290533
9/29/2018,74.73427653,119.3795401
9/30/2018,24.68988852,116.7550118
10/1/2018,12.74699974,113.8649022
10/2/2018,14.24938858,110.7197225
10/3/2018,55.59977706,107.3310136
10/4/2018,42.98311038,103.7112949
10/5/2018,81.70294292,99.8740096
10/6/2018,91.42505374,95.83346561
10/7/2018,84.13272073,91.60477364
10/8/2018,7.602999887,87.20378206
10/9/2018,0.486833324,82.64700892
10/10/2018,14.74616636,77.95157151
10/11/2018,42.07622144,73.13511364
10/12/2018,62.39005431,68.21573106
10/13/2018,22.97711057,63.21189519
10/14/2018,69.24499902,58.14237569
10/15/2018,59.1967768,53.0261619
10/16/2018,78.70294294,47.88238382
10/17/2018,71.48499889,42.73023261
10/18/2018,61.94783202,37.58888121
10/19/2018,71.36644355,32.47740528
10/20/2018,71.76972099,27.41470471
10/21/2018,71.61916576,22.41942629
10/22/2018,70.6141658,17.50988746
10/23/2018,68.23333218,12.70400184
10/24/2018,47.02372136,8.019206554
10/25/2018,58.87283187,3.472391803
10/26/2018,53.56733224,-0.920167122
10/27/2018,56.96716546,-5.142875051
10/28/2018,23.6101107,-9.180879159
10/29/2018,42.87377696,-13.02012793
10/30/2018,34.36499931,-16.64742664
10/31/2018,33.70294391,-20.05048914
11/1/2018,14.91783315,-23.21798571
11/2/2018,4.651666441,-26.13958691
11/3/2018,40.76227704,-28.80600305
11/4/2018,14.90555538,-31.20901937
11/5/2018,34.56672173,-33.3415266
11/6/2018,16.12094413,-35.19754695
11/7/2018,5.082221997,-36.7722553
11/8/2018,12.50844428,-38.06199555
11/9/2018,11.80788865,-39.06429223
11/10/2018,22.92422181,-39.77785703
11/11/2018,23.41177745,-40.20259056
11/12/2018,12.86872186,-40.33957913
11/13/2018,27.82333292,-40.19108664
11/14/2018,25.3976106,-39.76054166
11/15/2018,27.45838846,-39.05251974
11/16/2018,11.20074972,-38.07272101
11/17/2018,31.2214439,-36.8279432
11/18/2018,9.500333061,-35.3260502
11/19/2018,30.76505504,-33.57593635
11/20/2018,30.05694395,-31.58748644
11/21/2018,19.34399968,-29.3715319
11/22/2018,15.54955522,-26.93980301
11/23/2018,15.95422184,-24.30487764
11/24/2018,0,-21.48012655
11/25/2018,0.425999975,-18.4796556
11/26/2018,8.747999804,-15.31824498
11/27/2018,21.61224951,-12.01128589
11/28/2018,28.7561663,-8.574714778
11/29/2018,28.56227752,-5.024945505
11/30/2018,21.77144407,-1.378799665
12/1/2018,0.884333281,2.346564599
12/2/2018,0,6.133725026
12/3/2018,5.038666489,9.965068606
12/4/2018,15.69499979,13.82286557
12/5/2018,7.906999838,17.68934374
12/6/2018,22.8142773,21.54676285
12/7/2018,23.62294381,25.37748863
12/8/2018,25.53799927,29.1640663
12/9/2018,20.51233289,32.88929317
12/10/2018,16.70533299,36.53629003
12/11/2018,19.23066623,40.08857117
12/12/2018,13.22924976,43.53011251
12/13/2018,7.773333058,46.84541782
12/14/2018,6.025166459,50.01958259
12/15/2018,24.25088833,53.03835535
12/16/2018,19.92922191,55.88819619
12/17/2018,13.07183305,58.55633227
12/18/2018,8.843055537,61.03081007
12/19/2018,16.60138844,63.30054414
12/20/2018,4.768888695,65.35536227
12/21/2018,4.296833168,67.18604673
12/22/2018,24.76977733,68.78437163
12/23/2018,8.438944144,70.14313605
12/24/2018,4.424999832,71.25619293
12/25/2018,5.229666424,72.11847359
12/26/2018,1.002166607,72.72600779
12/27/2018,1.993166548,73.0759392
12/28/2018,23.84299939,73.16653633
12/29/2018,12.27788877,72.99719874
12/30/2018,3.514444395,72.56845872
12/31/2018,6.842333162,71.88197815
1/1/2019,13.55083306,70.94054089
1/2/2019,12.36083322,69.74804045
1/3/2019,16.32972197,68.30946318
1/4/2019,22.68599955,66.63086699
1/5/2019,6.354833197,64.7193557
1/6/2019,11.92983309,62.58304908
1/7/2019,24.47766617,60.2310489
1/8/2019,24.28583293,57.6734008
1/9/2019,8.829110804,54.92105248
1/10/2019,21.5083331,51.98580821
1/11/2019,25.09477721,48.88027985
1/12/2019,23.99872169,45.61783462
1/13/2019,19.24922197,42.21253988
1/14/2019,28.77133304,38.67910504
1/15/2019,5.449333087,35.03282095
1/16/2019,5.011499777,31.28949693
1/17/2019,1.035166605,27.46539581
1/18/2019,0.221666653,23.57716707
1/19/2019,0.886666614,19.64177856
1/20/2019,1.257666592,15.67644696
1/21/2019,1.394916584,11.69856723
1/22/2019,7.925999828,7.725641466
1/23/2019,4.134499845,3.775207319
1/24/2019,7.060555292,-0.135233622
1/25/2019,23.7924995,-3.988287283
1/26/2019,11.32488871,-7.766738042
1/27/2019,19.25633284,-11.4536189
1/28/2019,34.9732775,-15.03228057
1/29/2019,30.33911073,-18.48645926
1/30/2019,17.27541638,-21.80034278
1/31/2019,19.09622188,-24.95863484
2/1/2019,6.080833211,-27.94661717
2/2/2019,6.209333045,-30.75020922
2/3/2019,9.854666443,-33.35602534
2/4/2019,3.987333292,-35.75142898
2/5/2019,7.98616645,-37.92458393
2/6/2019,8.966416319,-39.86450218
2/7/2019,11.20605518,-41.56108844
2/8/2019,2.622833177,-43.00518094
2/9/2019,9.266499652,-44.18858843
2/10/2019,6.859055365,-45.10412328
2/11/2019,4.153499826,-45.7456305
2/12/2019,1.18099993,-46.10801258
2/13/2019,0.004833333,-46.18725
2/14/2019,0.821333284,-45.98041748
2/15/2019,0,-45.48569573
2/16/2019,0,-44.70237879
2/17/2019,0,-43.63087688
2/18/2019,0,-42.27271477
2/19/2019,0,-40.63052568
2/20/2019,0,-38.70804068
2/21/2019,0,-36.5100738
2/22/2019,0,-34.04250274
2/23/2019,0,-31.31224535
2/24/2019,0.17249999,-28.32723194
2/25/2019,0.451833306,-25.09637366
2/26/2019,0,-21.62952684
2/27/2019,0,-17.93745371
2/28/2019,0.620499963,-14.03177947
3/1/2019,0.036166665,-9.924945964
3/2/2019,0.736999956,-5.630162187
3/3/2019,0.912833279,-1.161351704
3/4/2019,1.147833265,3.466902663
3/5/2019,1.409833249,8.239416742
3/6/2019,0.694666625,13.14046525
3/7/2019,1.987499889,18.15384409
3/8/2019,9.095277489,23.26293455
3/9/2019,46.74649893,28.45076897
3/10/2019,102.6328315,33.70009781
3/11/2019,57.17836022,38.9934577
3/12/2019,44.100777,44.31324028
3/13/2019,98.61141493,49.64176145
3/14/2019,105.9716647,54.96133095
3/15/2019,82.44744313,60.25432172
3/16/2019,96.99533172,65.50323904
3/17/2019,94.82499859,70.69078889
3/18/2019,105.8973314,75.79994554
3/19/2019,103.1611091,80.81401789
3/20/2019,100.0564427,85.71671436
3/21/2019,101.939276,90.49220613
3/22/2019,104.8369422,95.12518837
3/23/2019,93.99510949,99.60093932
3/24/2019,8.721332958,103.9053769
3/25/2019,48.15305463,108.0251129
3/26/2019,84.92788749,111.9475036
3/27/2019,58.11427667,115.6606983
3/28/2019,111.2621649,119.1536842
3/29/2019,105.6661099,122.416327
3/30/2019,111.4918594,125.4394098
3/31/2019,51.57288786,128.2146662
4/1/2019,58.2763879,130.734811
4/2/2019,91.23983204,132.9935663
4/3/2019,72.42194304,134.9856834
4/4/2019,96.6609981,136.7069612
4/5/2019,79.28824853,138.1542597
4/6/2019,89.89749886,139.3255093
4/7/2019,99.29516528,140.2197165
4/8/2019,102.3119985,140.8369641
4/9/2019,69.04813761,141.1784083
4/10/2019,78.63138767,141.2462707
4/11/2019,63.44885988,141.0438262
4/12/2019,110.5245258,140.5753871
4/13/2019,90.48885943,139.8462827
4/14/2019,57.99672114,138.8628347
4/15/2019,76.54760967,137.6323294
4/16/2019,100.9655818,136.1629853
4/17/2019,94.60844277,134.4639174
4/18/2019,100.4459984,132.5450979
4/19/2019,36.33988831,130.4173139
4/20/2019,87.04627621,128.0921214
4/21/2019,113.1708877,125.5817962
4/22/2019,99.75811021,122.899283
4/23/2019,79.28744297,120.058141
4/24/2019,92.86316535,117.0724872
4/25/2019,119.0530538,113.9569381
4/26/2019,49.80261026,110.7265493
4/27/2019,50.87116579,107.3967533
4/28/2019,117.7033875,103.9832959
4/29/2019,98.31705369,100.5021722
4/30/2019,81.9239153,96.96956046
5/1/2019,110.0801093,93.40175676
5/2/2019,102.9193319,89.81510832
5/3/2019,83.76772082,86.22594733
5/4/2019,29.98105483,82.65052479
5/5/2019,83.92766521,79.10494486
5/6/2019,108.3431924,75.60510002
5/7/2019,82.33144317,72.16660719
5/8/2019,89.61255395,68.80474514
5/9/2019,109.3908315,65.53439346
5/10/2019,83.77305416,62.36997322
5/11/2019,119.3766645,59.32538971
5/12/2019,107.6203872,56.41397733
5/13/2019,61.26727665,53.64844707
5/14/2019,89.06444322,51.04083646
5/15/2019,102.726443,48.60246253
5/16/2019,64.13544341,46.34387776
5/17/2019,34.54977707,44.27482921
5/18/2019,62.37649885,42.4042211
5/19/2019,115.1519988,40.74008083
5/20/2019,74.08494314,39.2895287
5/21/2019,30.87372168,38.05875139
5/22/2019,98.6222762,37.05297927
5/23/2019,102.8173871,36.27646776
5/24/2019,104.5674426,35.73248255
5/25/2019,79.00766521,35.42328906
5/26/2019,112.5934979,35.35014587
5/27/2019,118.409748,35.51330237
5/28/2019,113.5136091,35.9120005
5/29/2019,120.8956646,36.54448057
5/30/2019,88.12816483,37.40799123
5/31/2019,51.12738784,38.4988034
6/1/2019,102.4519426,39.81222822
6/2/2019,111.7938317,41.34263885
6/3/2019,95.50619304,43.0834961
6/4/2019,116.6066089,45.02737768
6/5/2019,115.5782759,47.16601105
6/6/2019,62.95947075,49.49030966
6/7/2019,90.50738775,51.99041244
6/8/2019,75.39988765,54.65572641
6/9/2019,106.075443,57.47497217
6/10/2019,99.22022086,60.43623209
6/11/2019,100.0504704,63.52700106
6/12/2019,117.8113864,66.73423952
6/13/2019,108.9741649,70.04442858
6/14/2019,76.3766653,73.44362698
6/15/2019,113.3850541,76.91752965
6/16/2019,115.8812205,80.4515277
6/17/2019,118.5979978,84.0307695
6/18/2019,80.97877633,87.64022261
6/19/2019,89.98605427,91.26473638
6/20/2019,71.78710988,94.88910485
6/21/2019,99.74416511,98.49812981
6/22/2019,118.4348874,102.0766837
6/23/2019,71.23022106,105.609772
6/24/2019,83.42883181,109.082595
6/25/2019,74.44744296,112.480609
6/26/2019,116.0991096,115.7895855
6/27/2019,38.10361048,118.9956697
6/28/2019,116.5966652,122.0854374
6/29/2019,116.1519982,125.0459494
6/30/2019,98.97299848,127.8648041
7/1/2019,95.36377633,130.5301882
7/2/2019,104.9544986,133.0309244
7/3/2019,71.97983208,135.3565162
7/4/2019,0,137.4971904
7/5/2019,0,139.4439362
7/6/2019,34.1628328,141.1885412
7/7/2019,103.6439984,142.7236237
7/8/2019,96.43616473,144.042662
7/9/2019,95.54488718,145.14002
7/10/2019,92.43660944,146.0109685
7/11/2019,109.188443,146.6517036
7/12/2019,116.9094978,147.0593608
7/13/2019,101.8616649,147.2320249
7/14/2019,112.6602755,147.1687367
7/15/2019,105.4190538,146.8694947
7/16/2019,85.30816519,146.335254
7/17/2019,95.47494272,145.5679206
7/18/2019,81.15077633,144.5703413
7/19/2019,75.98527636,143.3462909
7/20/2019,55.09877687,141.9004546
7/21/2019,119.4480532,140.238407
7/22/2019,112.0415261,138.3665873
7/23/2019,106.1203868,136.2922715
7/24/2019,105.958054,134.0235401
7/25/2019,120.9932203,131.5692438
7/26/2019,116.8518311,128.9389649
7/27/2019,98.18044254,126.1429763
7/28/2019,95.86155422,123.1921979
7/29/2019,115.3809425,120.0981497
7/30/2019,97.72877682,116.8729031
7/31/2019,112.993165,113.5290293
8/1/2019,114.0566646,110.0795468
8/2/2019,101.1508871,106.5378657
8/3/2019,82.8142209,102.9177317
8/4/2019,111.1466098,99.23316754
8/5/2019,110.8708317,95.49841491
8/6/2019,81.37888757,91.72787396
8/7/2019,109.6185532,87.93604316
8/8/2019,110.4903875,84.13745857
8/9/2019,90.85416521,80.34663298
8/10/2019,24.62361063,76.57799525
8/11/2019,31.89472173,72.84583007
8/12/2019,16.80372193,69.16421837
8/13/2019,82.89244286,65.54697869
8/14/2019,79.98022096,62.00760958
8/15/2019,100.1715539,58.55923355
8/16/2019,27.38805496,55.21454254
8/17/2019,94.91005363,51.98574522
8/18/2019,110.8173867,48.88451647
8/19/2019,112.4269424,45.92194897
8/20/2019,104.2478316,43.10850743
8/21/2019,88.36402636,40.45398535
8/22/2019,33.38527728,37.96746466
8/23/2019,87.73560972,35.6572784
8/24/2019,95.13983144,33.53097649
8/25/2019,71.06160988,31.59529487
8/26/2019,65.6674989,29.85612798
8/27/2019,107.5377478,28.31850486
8/28/2019,100.0854982,26.9865688
8/29/2019,89.18549832,25.86356077
8/30/2019,96.53549848,24.95180664
8/31/2019,59.47305446,24.25270812
9/1/2019,74.13949876,23.76673776
9/2/2019,69.73122097,23.49343763
9/3/2019,98.83183158,23.43142209
9/4/2019,101.3551649,23.57838427
9/5/2019,102.0450537,23.93110656
9/6/2019,41.02838816,24.48547475
9/7/2019,91.32352618,25.23649606
9/8/2019,73.27583204,26.17832076
9/9/2019,14.51005532,27.30426739
9/10/2019,34.28688822,28.60685147
9/11/2019,47.68744363,30.07781756
9/12/2019,101.300054,31.70817454
9/13/2019,69.5150544,33.48823397
9/14/2019,73.21627654,35.40765139
9/15/2019,96.87972049,37.4554703
9/16/2019,52.37538798,39.62016878
9/17/2019,28.53711068,41.88970846
9/18/2019,49.40580454,44.25158561
9/19/2019,15.68566632,46.69288423
9/20/2019,68.21905436,49.20033089
9/21/2019,80.30322082,51.76035099
9/22/2019,95.01749806,54.35912644
9/23/2019,70.46244327,56.98265419
9/24/2019,56.45827657,59.61680573
9/25/2019,77.30183184,62.247387
9/26/2019,41.72166592,64.86019869
9/27/2019,37.95516596,67.4410965
9/28/2019,15.44633298,69.97605128
9/29/2019,0.080666662,72.45120868
9/30/2019,8.073833124,74.85294808
10/1/2019,90.61049839,77.16794057
10/2/2019,100.5008875,79.38320584
10/3/2019,90.10433158,81.4861675
10/4/2019,81.5414986,83.46470685
10/5/2019,80.30488792,85.30721478
10/6/2019,88.14477626,87.00264149
10/7/2019,62.63497112,88.540544
10/8/2019,9.154110926,89.91113113
10/9/2019,28.99216614,91.1053058
10/10/2019,90.17110992,92.11470446
10/11/2019,87.40244342,92.9317335
10/12/2019,87.1435537,93.54960251
10/13/2019,55.80805468,93.96235421
10/14/2019,17.0152775,94.16489089
10/15/2019,59.24127667,94.15299737
10/16/2019,65.00527656,93.92336028
10/17/2019,18.39627737,93.47358361
10/18/2019,58.41749882,92.80220045
10/19/2019,72.78527657,91.9086809
10/20/2019,59.40549884,90.7934361
10/21/2019,0,89.45781834
10/22/2019,0,87.90411728
10/23/2019,0,86.13555228
10/24/2019,0,84.15626083
10/25/2019,41.80988793,81.97128322
10/26/2019,18.01961087,79.58654346
10/27/2019,37.70199936,77.0088264
10/28/2019,27.42094396,74.24575145
10/29/2019,60.8775543,71.30574266
10/30/2019,41.82049929,68.19799552
10/31/2019,20.71594403,64.93244051
11/1/2019,46.36494393,61.51970359
11/2/2019,17.05316639,57.97106375
11/3/2019,13.10555524,54.29840786
11/4/2019,13.3782775,50.51418288
11/5/2019,0,46.63134582
11/6/2019,1.284166647,42.66331143
11/7/2019,0.456444418,38.62389805
11/8/2019,26.21099951,34.52727165
11/9/2019,6.823444332,30.38788844
11/10/2019,0.394999976,26.22043617
11/11/2019,0.834833284,22.0397745
11/12/2019,2.598166541,17.86087448
11/13/2019,26.59988844,13.69875765
11/14/2019,22.72988846,9.568434725
11/15/2019,26.55333258,5.484844389
11/16/2019,30.01461046,1.462792246
11/17/2019,15.00511076,-2.483109709
11/18/2019,26.43111067,-6.338502885
11/19/2019,6.287416465,-10.08934091
11/20/2019,2.016333213,-13.72194723
11/21/2019,11.28983282,-17.22307118
11/22/2019,27.038333,-20.57994246
11/23/2019,18.23766628,-23.78032358
11/24/2019,6.43816647,-26.81256024
11/25/2019,26.80161056,-29.66562929
11/26/2019,28.40333271,-32.3291842
11/27/2019,6.288666394,-34.79359775
11/28/2019,0.484833304,-37.05000179
11/29/2019,0,-39.09032397
11/30/2019,0.292999983,-40.90732113
12/1/2019,0.931499944,-42.49460942
12/2/2019,14.49274954,-43.84669081
12/3/2019,24.83772148,-44.95897605
12/4/2019,19.59999962,-45.82780388
12/5/2019,5.116055329,-46.45045641
12/6/2019,4.744999793,-46.82517072
12/7/2019,3.066833176,-46.95114641
12/8/2019,0,-46.82854931
12/9/2019,0,-46.45851114
12/10/2019,0,-45.84312525
12/11/2019,0,-44.98543832
12/12/2019,0,-43.88943824
12/13/2019,0,-42.56003798
12/14/2019,0,-41.00305572
12/15/2019,0.232833321,-39.22519122
12/16/2019,2.498833184,-37.23399848
12/17/2019,1.960222174,-35.03785497
12/18/2019,20.41761081,-32.64592733
12/19/2019,17.07599985,-30.06813384
12/20/2019,24.4240549,-27.31510377
12/21/2019,14.73277746,-24.39813375
12/22/2019,12.37233303,-21.32914135
12/23/2019,4.578499791,-18.12061606
12/24/2019,3.317833248,-14.78556789
12/25/2019,4.235666512,-11.33747375
12/26/2019,8.362499778,-7.790221903
12/27/2019,19.85166609,-4.158054639
12/28/2019,25.03566598,-0.455509446
12/29/2019,8.043166462,3.302641065
12/30/2019,24.92366595,7.10145027
12/31/2019,12.11049966,10.92585941
1/1/2020,14.56838863,14.76075996
1/2/2020,0.451333306,18.59105631
1/3/2020,4.1224999,22.40172835
1/4/2020,15.56416642,26.17789389
1/5/2020,17.62283299,29.9048705
1/6/2020,21.39194427,33.56823657
1/7/2020,8.377833118,37.15389139
1/8/2020,12.74772195,40.64811391
1/9/2020,11.60461086,44.03761996
1/10/2020,11.65927755,47.30961774
1/11/2020,8.999999877,50.45186133
1/12/2020,11.23266644,53.45270191
1/13/2020,0.847666616,56.30113662
1/14/2020,0,58.98685472
1/15/2020,0.912999946,61.500281
1/16/2020,2.527333187,63.83261603
1/17/2020,2.955499824,65.97587341
1/18/2020,6.986777598,67.92291349
1/19/2020,9.87688867,69.66747373
1/20/2020,9.874888688,71.20419534
1/21/2020,30.50216597,72.5286463
1/22/2020,30.15483263,73.63734041
1/23/2020,26.17605508,74.52775251
1/24/2020,26.53949944,75.19832968
1/25/2020,33.14488824,75.6484984
1/26/2020,9.743277637,75.87866762
1/27/2020,27.49549955,75.89022775
1/28/2020,19.80788857,75.68554554
1/29/2020,33.57794373,75.26795489
1/30/2020,32.62888829,74.64174358
1/31/2020,24.18761075,73.81213603
2/1/2020,27.57905493,72.78527213
2/2/2020,21.73966611,71.56818214
2/3/2020,14.4724997,70.16875795
2/4/2020,31.78313837,68.59572057
2/5/2020,23.7108328,66.85858425
2/6/2020,33.87902713,64.96761707
2/7/2020,37.39833259,62.93379846
2/8/2020,12.56922212,60.76877356
2/9/2020,35.68088822,58.48480487
2/10/2020,53.00149911,56.09472105
2/11/2020,11.19016641,53.61186345
2/12/2020,30.00105483,51.05003033
2/13/2020,49.41455461,48.42341902
2/14/2020,16.78661082,45.74656644
2/15/2020,41.40005489,43.03428801
2/16/2020,40.48477696,40.30161532
2/17/2020,27.23838848,37.56373277
2/18/2020,11.01305536,34.83591353
2/19/2020,48.82366557,32.13345489
2/20/2020,77.3158325,29.47161356
2/21/2020,66.95399896,26.86554087
2/22/2020,51.61533257,24.33021844
2/23/2020,40.25249927,21.88039433
2/24/2020,20.61311082,19.53052015
2/25/2020,70.80466534,17.29468922
2/26/2020,65.3570546,15.18657624
2/27/2020,82.52810947,13.21937845
2/28/2020,66.40610997,11.40575886
2/29/2020,56.002499,9.757791498
3/1/2020,76.51383211,8.286909109
3/2/2020,72.12033197,7.003853414
3/3/2020,88.03449919,5.918628221
3/4/2020,44.26830472,5.040455542
3/5/2020,28.18930513,4.377734933
3/6/2020,66.09577659,3.938006224
3/7/2020,12.61299958,3.72791582
3/8/2020,70.78499876,3.753186704
3/9/2020,87.24366594,4.018592297
3/10/2020,55.90844356,4.527934291
3/11/2020,46.2552215,5.284024551
3/12/2020,70.28911023,6.288671193
3/13/2020,23.49922184,7.542668887
3/14/2020,18.05505504,9.045793462
3/15/2020,39.10799915,10.79680083
3/16/2020,98.22688681,12.79343027
3/17/2020,78.55755404,15.03241203
3/18/2020,62.90011002,17.50947932
3/19/2020,86.80944292,20.21938454
3/20/2020,111.0351647,23.15591975
3/21/2020,103.5481653,26.31194139
3/22/2020,108.5621652,29.67939902
3/23/2020,56.44305454,33.24936802
3/24/2020,28.94138837,37.01208622
3/25/2020,35.47444386,40.95699421
3/26/2020,109.9299427,45.0727792
3/27/2020,94.73766512,49.34742232
3/28/2020,55.05961015,53.76824906
3/29/2020,67.36299871,58.32198285
3/30/2020,32.24816616,62.9948013
3/31/2020,52.69738794,67.77239509
4/1/2020,81.79733199,72.64002924
4/2/2020,73.7982211,77.58260639
4/3/2020,50.73155475,82.58473202
4/4/2020,1.577833239,87.63078114
4/5/2020,4.345999767,92.7049664
4/6/2020,70.69805469,97.79140714
4/7/2020,54.58233237,102.8741993
4/8/2020,113.7853314,107.9374855
4/9/2020,95.80138735,112.9655258
4/10/2020,34.76938834,117.9427679
4/11/2020,77.94477655,122.8539169
4/12/2020,79.70883184,127.6840048
4/13/2020,111.6276092,132.4184585
4/14/2020,57.08044339,137.0431667
4/15/2020,74.08399877,141.5445454
4/16/2020,118.3137758,145.9096013
4/17/2020,63.80660992,150.1259928
4/18/2020,76.41527641,154.1820898
4/19/2020,122.1963315,158.0670292
4/20/2020,95.0913874,161.7707685
4/21/2020,100.4793871,165.2841362
4/22/2020,91.66352618,168.598879
4/23/2020,109.9039979,171.7077042
4/24/2020,156.3496083,174.6043204
4/25/2020,166.2548857,177.2834722
4/26/2020,236.3566632,179.740972
4/27/2020,113.3430095,181.9737273
4/28/2020,257.3175524,183.9797634
4/29/2020,168.8797743,185.7582415
4/30/2020,201.6417169,187.3094723
5/1/2020,269.2154969,188.6349249
5/2/2020,351.4872168,189.737231
5/3/2020,202.5983839,190.6201839
5/4/2020,144.4219973,191.2887329
5/5/2020,298.8381088,191.7489731
5/6/2020,128.6644976,192.0081293
5/7/2020,176.627219,192.0745367
5/8/2020,130.8173868,191.9576153
5/9/2020,244.5198284,191.6678403
5/10/2020,226.8979406,191.216708
5/11/2020,203.5539965,190.6166968
5/12/2020,196.5829959,189.881224
5/13/2020,86.53183162,189.0245986
5/14/2020,415.1657777,188.0619694
5/15/2020,395.2161671,187.00927
5/16/2020,242.4025524,185.8831593
5/17/2020,124.5459421,184.7009592
5/18/2020,108.2941091,183.4805888
5/19/2020,188.1581661,182.2404952
5/20/2020,13.26994429,180.9995824
5/21/2020,15.50416621,179.7771368
5/22/2020,130.6979975,178.5927507
5/23/2020,166.9331085,177.4662449
5/24/2020,237.8376096,176.4175878
5/25/2020,111.822276,175.466815
5/26/2020,80.61938738,174.6339467
5/27/2020,182.1705517,173.9389048
5/28/2020,137.0456648,173.4014299
5/29/2020,117.3476929,173.0409978
5/30/2020,137.3075827,172.8767365
5/31/2020,128.6166096,172.927344
6/1/2020,127.6453316,173.2110065
6/2/2020,141.3819967,173.7453186
6/3/2020,136.2772183,174.5472043
6/4/2020,88.41499849,175.6328407
6/5/2020,131.0773033,177.0175833
6/6/2020,83.66099866,178.7158943
6/7/2020,68.73910993,180.7412732
6/8/2020,123.8351089,183.1061907
6/9/2020,239.796497,185.8220267
6/10/2020,274.9666615,188.8990108
6/11/2020,112.1556646,192.3461671
6/12/2020,141.0191642,196.171264
6/13/2020,118.1931641,200.3807669
6/14/2020,118.4789976,204.9797966
6/15/2020,240.3026076,209.972092
6/16/2020,224.1983856,215.3599777
6/17/2020,55.30183233,221.1443371
6/18/2020,230.9527456,227.3245903
6/19/2020,377.4410767,233.8986771
6/20/2020,427.3844638,240.8630465
6/21/2020,314.753216,248.2126506
6/22/2020,334.3807719,255.9409446
6/23/2020,471.3483806,264.0398924
6/24/2020,343.9587167,272.4999777
6/25/2020,551.3554584,281.3102206
6/26/2020,466.9215756,290.4582003
6/27/2020,374.0024927,299.9300826
6/28/2020,232.3002734,309.7106533
6/29/2020,244.2746347,319.7833572
6/30/2020,305.4934952,330.1303416
7/1/2020,556.0218774,340.7325056
7/2/2020,552.8199339,351.569554
7/3/2020,664.4236015,362.6200561
7/4/2020,545.9742125,373.861509
7/5/2020,528.9719897,385.2704055
7/6/2020,498.657935,396.822306
7/7/2020,203.8432744,408.4919138
7/8/2020,248.5499955,420.2531552
7/9/2020,568.3852119,432.0792617
7/10/2020,581.6574898,443.9428562
7/11/2020,615.5595448,455.8160412
7/12/2020,489.9794916,467.6704901
7/13/2020,619.9551042,479.4775405
7/14/2020,715.2739368,491.2082886
7/15/2020,432.7775769,502.833686
7/16/2020,523.5286847,514.3246369
7/17/2020,476.7171029,525.6520964
7/18/2020,549.3955999,536.7871689
7/19/2020,389.3302704,547.7012068
7/20/2020,560.5429351,558.3659086
7/21/2020,469.4437143,568.7534164
7/22/2020,713.3551796,578.8364122
7/23/2020,537.9515466,588.5882128
7/24/2020,348.5491045,597.9828632
7/25/2020,481.6372132,606.9952272
7/26/2020,551.2301581,615.6010761
7/27/2020,669.802045,623.7771746
7/28/2020,639.7952658,631.5013626
7/29/2020,678.9732641,638.7526349
7/30/2020,481.0606023,645.5112164
7/31/2020,615.2092117,651.7586328
8/1/2020,516.9461053,657.4777779
8/2/2020,685.9329843,662.6529759
8/3/2020,452.0776041,667.2700387
8/4/2020,684.7587094,671.3163179
8/5/2020,666.2838189,674.7807528
8/6/2020,602.8317395,677.6539112
8/7/2020,435.296215,679.9280257
8/8/2020,534.3849351,681.597024
8/9/2020,645.0046548,682.6565532
8/10/2020,731.8421552,683.1039982
8/11/2020,589.1890443,682.9384936
8/12/2020,503.9055465,682.1609304
8/13/2020,585.5812145,680.7739553
8/14/2020,623.6148262,678.7819649
8/15/2020,702.6902659,676.1910927
8/16/2020,717.531769,673.009191
8/17/2020,535.4787142,669.245806
8/18/2020,654.2996555,664.912147
8/19/2020,629.3933211,660.0210494
8/20/2020,488.1960466,654.5869331
8/21/2020,688.2399038,648.6257534
8/22/2020,640.5932118,642.1549482
8/23/2020,681.7130375,635.1933785
8/24/2020,548.8384351,627.7612649
8/25/2020,619.6744898,619.8801185
8/26/2020,664.0227939,611.5726675
8/27/2020,671.3441551,602.8627794
8/28/2020,656.9908763,593.7753792
8/29/2020,455.6874357,584.3363637
8/30/2020,617.3462669,574.5725124
8/31/2020,547.5194892,564.5113953
9/1/2020,633.4580431,554.1812778
9/2/2020,336.4377724,543.6110233
9/3/2020,545.3550431,532.8299937
9/4/2020,608.2894888,521.8679476
9/5/2020,588.7959828,510.7549384
9/6/2020,128.5797138,499.5212101
9/7/2020,389.0398818,488.197093
9/8/2020,450.6252147,476.8128997
9/9/2020,642.751431,465.3988204
9/10/2020,659.1101383,453.9848194
9/11/2020,610.3754597,442.6005322
9/12/2020,453.6209074,431.275164
9/13/2020,296.3043346,420.0373903
9/14/2020,119.3560385,408.9152586
9/15/2020,315.6654672,397.9360937
9/16/2020,443.1290482,387.126405
9/17/2020,500.3964356,376.5117972
9/18/2020,334.1092694,366.1168846
9/19/2020,163.3170901,355.9652085
9/20/2020,421.6770249,346.07916
9/21/2020,507.4319287,336.4799059
9/22/2020,307.8011371,327.1873198
9/23/2020,455.095134,318.219918
9/24/2020,468.2654394,309.594801
9/25/2020,344.5899,301.3275996
9/26/2020,340.7890139,293.4324271
9/27/2020,592.9741623,285.9218371
9/28/2020,268.9740937,278.8067874
9/29/2020,462.5272322,272.0966094
9/30/2020,442.5354916,265.7989842
10/1/2020,366.2060492,259.9199247
10/2/2020,486.0018791,254.4637641
10/3/2020,503.324212,249.4331509
10/4/2020,332.6793571,244.8290495
10/5/2020,453.7278812,240.6507481
10/6/2020,310.2300975,236.8958725
10/7/2020,325.8415117,233.5604063
10/8/2020,260.1415795,230.6387168
10/9/2020,291.5704463,228.1235878
10/10/2020,135.404331,226.0062578
10/11/2020,394.7313818,224.276464
10/12/2020,209.1659072,222.9224922
10/13/2020,79.23756541,221.9312323
10/14/2020,264.505429,221.2882384
10/15/2020,249.8017176,220.9777945
10/16/2020,108.0892201,220.9829846
10/17/2020,185.4742188,221.2857677
10/18/2020,196.7409409,221.8670565
10/19/2020,149.5669087,222.7068004
10/20/2020,347.4210206,223.7840718
10/21/2020,79.28037033,225.0771557
10/22/2020,164.9152746,226.5636425
10/23/2020,74.00099879,228.2205228
10/24/2020,245.3958845,230.024285
10/25/2020,307.9076624,231.9510143
10/26/2020,181.4245522,233.9764932
10/27/2020,247.0274957,236.0763029
10/28/2020,146.8572974,238.225926
10/29/2020,204.7501906,240.4008487
10/30/2020,315.0488395,242.5766634
10/31/2020,403.9091045,244.7291701
11/1/2020,320.2188,246.8344779
11/2/2020,307.8761059,248.8691046
11/3/2020,192.3168853,250.8100742
11/4/2020,234.440274,252.6350136
11/5/2020,162.2345528,254.3222454
11/6/2020,134.0819966,255.850879
11/7/2020,22.00311021,257.2008982
11/8/2020,55.08460938,258.3532454
11/9/2020,258.1649391,259.2899018
11/10/2020,86.12138668,259.9939639
11/11/2020,174.5127748,260.4497151
11/12/2020,216.4563296,260.6426933
11/13/2020,145.6665528,260.5597531
11/14/2020,195.9729133,260.1891228
11/15/2020,242.0214393,259.5204567
11/16/2020,238.76119,258.5448806
11/17/2020,146.8270251,257.2550333
11/18/2020,145.3903082,255.6451003
11/19/2020,102.9928981,253.7108431
11/20/2020,168.0994969,251.4496209
11/21/2020,223.4074412,248.8604079
11/22/2020,181.8230522,245.9438022
11/23/2020,198.3185519,242.7020301
11/24/2020,181.4587409,239.1389433
11/25/2020,171.3094138,235.2600099
11/26/2020,180.1666635,231.072299
11/27/2020,212.1710515,226.5844595
11/28/2020,179.0042189,221.8066923
11/29/2020,119.6678313,216.7507169
11/30/2020,98.31894269,211.4297316
12/1/2020,256.095273,205.8583685
12/2/2020,248.3564387,200.0526428
12/3/2020,256.1501611,194.0298964
12/4/2020,246.7608017,187.8087369
12/5/2020,210.3883851,181.4089713
12/6/2020,250.4129945,174.8515351
12/7/2020,85.81266483,168.1584175
12/8/2020,98.50255365,161.3525818
12/9/2020,63.8775542,154.4578825
12/10/2020,208.8698289,147.4989793
12/11/2020,35.39060999,140.5012468
12/12/2020,155.0147751,133.490683
12/13/2020,48.3592207,126.493814
12/14/2020,102.7151924,119.5375979
12/15/2020,108.4747755,112.6493261
12/16/2020,186.7165179,105.8565237
12/17/2020,150.5058084,99.18684907
12/18/2020,186.0551628,92.66799312
12/19/2020,211.2889409,86.32757784
12/20/2020,154.8943583,80.19305576
12/21/2020,52.54272088,74.29160982
12/22/2020,29.93205441,68.65005434
12/23/2020,71.89522048,63.29473747
12/24/2020,124.4690535,58.25144549
12/25/2020,93.95322023,53.54530923
12/26/2020,51.20849881,49.20071323
12/27/2020,28.69405498,45.2412076
12/28/2020,40.40199925,41.68942334
12/29/2020,102.971553,38.5669911
12/30/2020,130.6157199,35.89446395
12/31/2020,169.4088859,33.69124428
1/1/2021,98.8476648,31.97551518
1/2/2021,170.4632745,30.76417661
1/3/2021,167.7040527,30.07278652
1/4/2021,175.322608,29.91550721
1/5/2021,152.4519415,30.30505708
1/6/2021,116.087609,31.25266798
1/7/2021,240.1166066,32.76804838
1/8/2021,253.184495,34.85935237
1/9/2021,237.5429681,37.5331547
1/10/2021,165.0361084,40.79443198
1/11/2021,123.4303862,44.64654996
1/12/2021,94.03458137,49.09125713
1/13/2021,58.0172209,54.12868448
1/14/2021,256.4232729,59.75735154
1/15/2021,96.36008094,65.9741786
1/16/2021,228.7359402,72.77450507
1/17/2021,74.62305413,80.15211398
1/18/2021,133.2512474,88.0992623
1/19/2021,115.2989424,96.60671725
1/20/2021,297.2946343,105.6637982
1/21/2021,262.3259968,115.2584242
1/22/2021,291.6027183,125.3771665
1/23/2021,137.4063866,136.0053068
1/24/2021,121.6919975,147.1268998
1/25/2021,150.6616644,158.7248404
1/26/2021,148.939997,170.7809358
1/27/2021,112.3982202,183.2759809
1/28/2021,65.83969317,196.1898379
1/29/2021,103.5584146,209.5015194
1/30/2021,250.534273,223.1892744
1/31/2021,180.2842189,237.2306766
2/1/2021,192.3497745,251.6027164
2/2/2021,246.5422738,266.2818931
2/3/2021,217.8596627,281.2443107
2/4/2021,154.4839418,296.465773
2/5/2021,62.22522094,311.9218813
2/6/2021,113.1151084,327.5881314
2/7/2021,153.4508288,343.4400112
2/8/2021,138.6151084,359.4530979
2/9/2021,178.3184973,375.6031547
2/10/2021,135.6780527,391.8662256
2/11/2021,141.9024971,408.2187302
2/12/2021,153.2129971,424.637555
2/13/2021,219.6050795,441.1001436
2/14/2021,150.6163306,457.5845838
2/15/2021,338.6665504,474.0696923
2/16/2021,276.8596064,490.535095
2/17/2021,274.2598835,506.9613049
2/18/2021,612.5380458,523.3297956
2/19/2021,754.7982648,539.6230701
2/20/2021,881.9594815,555.8247259
2/21/2021,317.317606,571.9195145
2/22/2021,521.5413801,587.8933968
2/23/2021,308.6595494,603.7335922
2/24/2021,860.6404286,619.4286233
2/25/2021,631.0990174,634.9683538
2/26/2021,446.8509364,650.3440216
2/27/2021,602.1818762,665.5482657
2/28/2021,903.1405384,680.5751464
3/1/2021,504.6055453,695.4201603
3/2/2021,791.8522095,710.0802484
3/3/2021,1003.570204,724.5537984
3/4/2021,1206.454946,738.84064
3/5/2021,980.5903402,752.9420352
3/6/2021,360.5709927,766.860661
3/7/2021,897.0316508,780.6005867
3/8/2021,928.1609247,794.1672451
3/9/2021,739.3844292,807.5673975
3/10/2021,481.5702137,820.8090928
3/11/2021,1127.685977,833.9016215
3/12/2021,1106.397146,846.8554631
3/13/2021,1027.273147,859.6822292
3/14/2021,1097.585865,872.3946015
3/15/2021,1136.951429,885.0062641
3/16/2021,1245.926898,897.5318318
3/17/2021,1275.423919,909.9867745
3/18/2021,1239.567977,922.387337
3/19/2021,996.7254252,934.7504552
3/20/2021,1152.363423,947.0936693
3/21/2021,845.7921501,959.4350338
3/22/2021,650.1660427,971.7930248
3/23/2021,1064.439756,984.1864454
3/24/2021,494.9859123,996.6343289
3/25/2021,631.3599887,1009.15584
3/26/2021,871.315542,1021.770178
3/27/2021,1255.696177,1034.496472
3/28/2021,720.8736704,1047.353686
3/29/2021,623.1426888,1060.360516
3/30/2021,962.6554698,1073.535292
3/31/2021,1094.585045,1086.895876
4/1/2021,854.0302674,1100.459571
4/2/2021,1147.727263,1114.243018
4/3/2021,1081.757021,1128.262109
4/4/2021,677.8464467,1142.531895
4/5/2021,1405.092852,1157.066494
4/6/2021,1198.726157,1171.879013
4/7/2021,678.5777842,1186.981462
4/8/2021,506.8138696,1202.38468
4/9/2021,960.8916337,1218.098261
4/10/2021,604.0631916,1234.130488
4/11/2021,883.449979,1250.488267
4/12/2021,1120.803814,1267.177074
4/13/2021,1764.452155,1284.200896
4/14/2021,1982.906409,1301.562193
4/15/2021,1747.746748,1319.26185
4/16/2021,2519.630274,1337.299145
4/17/2021,2345.68545,1355.671723
4/18/2021,431.9443254,1374.375573
4/19/2021,1493.442138,1393.405009
4/20/2021,2473.732278,1412.752667
4/21/2021,2321.595342,1432.409502
4/22/2021,1077.382813,1452.364789
4/23/2021,1856.050849,1472.606138
4/24/2021,1215.69209,1493.119514
4/25/2021,951.2465389,1513.889257
4/26/2021,2268.787678,1534.898119
4/27/2021,2327.902176,1556.127299
4/28/2021,2288.409677,1577.556489
4/29/2021,1628.697775,1599.163926
4/30/2021,2213.326736,1620.926449
5/1/2021,1504.652084,1642.81956
5/2/2021,1856.020633,1664.817498
5/3/2021,1923.889742,1686.893307
5/4/2021,1831.817854,1709.018921
5/5/2021,2136.026904,1731.165249
5/6/2021,2274.660568,1753.302259
5/7/2021,697.975209,1775.399079
5/8/2021,797.9159303,1797.42409
5/9/2021,558.2301011,1819.345027
5/10/2021,2135.90907,1841.12909
5/11/2021,1879.539633,1862.743043
5/12/2021,2463.057539,1884.153331
5/13/2021,1677.445912,1905.326192
5/14/2021,2339.216399,1926.227765
5/15/2021,2510.744011,1946.824212
5/16/2021,2612.056011,1967.081833
5/17/2021,2514.353507,1986.967179
5/18/2021,2388.956566,2006.447171
5/19/2021,1850.62005,2025.489217
5/20/2021,695.7085424,2044.061325
5/21/2021,1052.09409,2062.13222
5/22/2021,1375.548363,2079.671452
5/23/2021,438.7512141,2096.649507
5/24/2021,980.1039818,2113.037918
5/25/2021,1255.721977,2128.809363
5/26/2021,1981.43488,2143.93777
5/27/2021,2344.335398,2158.398414
5/28/2021,2040.08757,2172.168005
5/29/2021,2382.436181,2185.224783
5/30/2021,2824.606116,2197.548594
5/31/2021,2542.040068,2209.120973
6/1/2021,2525.962951,2219.925214
6/2/2021,2715.246116,2229.946439
6/3/2021,2638.391232,2239.171653
6/4/2021,2609.195453,2247.589803
6/5/2021,2516.423785,2255.191825
6/6/2021,1806.327855,2261.970681
6/7/2021,2495.814564,2267.921396
6/8/2021,951.5822594,2273.041082
6/9/2021,782.0854303,2277.328961
6/10/2021,800.2930727,2280.786372
6/11/2021,2736.885126,2283.416779
6/12/2021,1894.19809,2285.225768
6/13/2021,2282.715866,2286.221033
6/14/2021,2169.00525,2286.412364
6/15/2021,2280.529724,2285.811617
6/16/2021,2608.53472,2284.432682
6/17/2021,3032.447041,2282.291447
6/18/2021,2978.87139,2279.405745
6/19/2021,2065.527878,2275.795307
6/20/2021,1972.338353,2271.481695
6/21/2021,2790.012222,2266.488238
6/22/2021,2689.720064,2260.839961
6/23/2021,2378.474422,2254.563499
6/24/2021,1214.49809,2247.687016
6/25/2021,2622.725831,2240.240113
6/26/2021,2511.439285,2232.253733
6/27/2021,2533.987284,2223.760057
6/28/2021,2652.607824,2214.7924
6/29/2021,2789.57382,2205.385103
6/30/2021,2801.312211,2195.573417
7/1/2021,2772.65688,2185.393387
7/2/2021,2601.118493,2174.881731
7/3/2021,2519.275273,2164.075722
7/4/2021,1958.063019,2153.013057
7/5/2021,1163.39398,2141.731737
7/6/2021,1936.124319,2130.269939
7/7/2021,2057.272542,2118.665882
7/8/2021,2278.924002,2106.957708
7/9/2021,2419.944499,2095.183349
7/10/2021,2664.556546,2083.380399
7/11/2021,1950.422876,2071.58599
7/12/2021,2416.518664,2059.836667
7/13/2021,2200.916471,2048.168267
7/14/2021,2462.524778,2036.615796
7/15/2021,2293.470258,2025.213313
7/16/2021,2414.024954,2013.993818
7/17/2021,2485.313119,2002.98914
7/18/2021,1236.234865,1992.22983
7/19/2021,956.6988146,1981.745065
7/20/2021,1426.893086,1971.562544
7/21/2021,1659.679799,1961.708402
7/22/2021,2673.133747,1952.207124
7/23/2021,2142.046576,1943.081463
7/24/2021,2401.289067,1934.352366
7/25/2021,2233.244401,1926.038908
7/26/2021,2371.59135,1918.158234
7/27/2021,1978.647075,1910.725499
7/28/2021,2124.226572,1903.753826
7/29/2021,2224.131742,1897.254265
7/30/2021,2094.252907,1891.23576
7/31/2021,2155.597351,1885.705125
8/1/2021,2113.403404,1880.667028
8/2/2021,968.7549262,1876.123979
8/3/2021,2178.493016,1872.076329
8/4/2021,1373.712477,1868.522276
8/5/2021,2205.542956,1865.457876
8/6/2021,1544.993251,1862.877068
8/7/2021,1984.510129,1860.771697
8/8/2021,432.1513811,1859.131554
8/9/2021,1873.980131,1857.944415
8/10/2021,1970.494481,1857.196091
8/11/2021,2429.056421,1856.870486
8/12/2021,2352.136843,1856.949661
8/13/2021,2423.677523,1857.4139
8/14/2021,2030.428087,1858.241786
8/15/2021,1461.735987,1859.410285
8/16/2021,853.1266659,1860.894829
8/17/2021,222.8729327,1862.669413
8/18/2021,1521.225023,1864.706684
8/19/2021,1381.240062,1866.978049
8/20/2021,1312.967474,1869.453778
8/21/2021,872.5950594,1872.103112
8/22/2021,1829.883384,1874.894376
8/23/2021,1789.962155,1877.795091
8/24/2021,1454.365289,1880.772099
8/25/2021,2222.073674,1883.791673
8/26/2021,1941.024219,1886.819645
8/27/2021,1555.961228,1889.821524
8/28/2021,2428.071343,1892.762621
8/29/2021,2537.429233,1895.608172
8/30/2021,2303.612033,1898.323457
8/31/2021,2358.32403,1900.873927
9/1/2021,1892.624023,1903.225321
9/2/2021,2172.854172,1905.343789
9/3/2021,2408.381398,1907.196005
9/4/2021,2293.992725,1908.749283
9/5/2021,1796.612017,1909.971693
9/6/2021,2264.776897,1910.832164
9/7/2021,2308.485314,1911.300592
9/8/2021,1368.457877,1911.347942
9/9/2021,2180.973519,1910.946343
9/10/2021,1519.471399,1910.069181
9/11/2021,493.5574906,1908.691184
9/12/2021,1257.819977,1906.788509
9/13/2021,1757.865299,1904.338814
9/14/2021,2176.858385,1901.321328
9/15/2021,1293.264694,1897.716919
9/16/2021,2301.777696,1893.50815
9/17/2021,1190.916699,1888.67933
9/18/2021,1656.539911,1883.216562
9/19/2021,1662.502137,1877.107777
9/20/2021,1998.801572,1870.342772
9/21/2021,2514.030138,1862.91323
9/22/2021,1653.706859,1854.812737
9/23/2021,2093.539423,1846.036799
9/24/2021,2193.055143,1836.582841
9/25/2021,1941.154378,1826.450203
9/26/2021,1640.917298,1815.640137
9/27/2021,2273.300026,1804.155783
9/28/2021,1390.239219,1792.002149
9/29/2021,2515.866288,1779.186084
9/30/2021,2191.392404,1765.716238
10/1/2021,2059.560994,1751.603022
10/2/2021,1258.511144,1736.858557
10/3/2021,1916.992686,1721.496627
10/4/2021,1821.08894,1705.532612
10/5/2021,1551.6957,1688.983427
10/6/2021,1424.209645,1671.867456
10/7/2021,2243.680036,1654.204471
10/8/2021,2208.256761,1636.015561
10/9/2021,1972.879573,1617.323045
10/10/2021,1409.837198,1598.150389
10/11/2021,1805.640967,1578.522116
10/12/2021,2342.653678,1558.463718
10/13/2021,1613.705421,1538.001555
10/14/2021,1641.596804,1517.162766
10/15/2021,1500.610583,1495.975171
10/16/2021,1235.698894,1474.467167
10/17/2021,1210.113864,1452.667634
10/18/2021,1302.549731,1430.605833
10/19/2021,1617.48568,1408.311307
10/20/2021,1413.516101,1385.81378
10/21/2021,1762.882145,1363.143061
10/22/2021,739.0566249,1340.328947
10/23/2021,326.7691613,1317.401124
10/24/2021,1597.076685,1294.389078
10/25/2021,543.1648782,1271.322001
10/26/2021,1884.270506,1248.228704
10/27/2021,1342.798545,1225.137531
10/28/2021,825.1625355,1202.076279
10/29/2021,103.8059867,1179.072117
10/30/2021,1554.724908,1156.151517
10/31/2021,1946.296896,1133.340178
11/1/2021,1790.377566,1110.662966
11/2/2021,1579.713357,1088.143855
11/3/2021,1059.901259,1065.805864
11/4/2021,1003.665259,1043.671018
11/5/2021,1325.913945,1021.760293
11/6/2021,1272.710007,1000.093586
11/7/2021,1653.631887,978.6896749
11/8/2021,1260.203004,957.5661967
11/9/2021,371.4062984,936.7396212
11/10/2021,994.4203883,916.2252381
11/11/2021,1292.988707,896.037146
11/12/2021,305.2393383,876.1882487
11/13/2021,1075.64663,856.6902569
11/14/2021,429.9995969,837.5536963
11/15/2021,587.8732022,818.7879202
11/16/2021,969.1838587,800.4011293
11/17/2021,1010.388376,782.4003952
11/18/2021,168.2851076,764.7916906
11/19/2021,678.9383654,747.5799241
11/20/2021,653.9438284,730.7689795
11/21/2021,441.3993143,714.3617603
11/22/2021,467.2387258,698.3602386
11/23/2021,259.3994048,682.7655075
11/24/2021,677.6915157,667.5778385
11/25/2021,358.997466,652.7967411
11/26/2021,853.3731486,638.4210269
11/27/2021,446.1065234,624.4488754
11/28/2021,342.4902295,610.8779037
11/29/2021,464.6026763,597.7052369
11/30/2021,377.9291993,584.9275815
12/1/2021,684.5571789,572.5412995
12/2/2021,330.927978,560.5424842
12/3/2021,523.9225453,548.9270358
12/4/2021,39.39641475,537.6907382
12/5/2021,150.6684766,526.8293348
12/6/2021,84.31734744,516.3386046
12/7/2021,162.5853106,506.2144364
12/8/2021,714.2869123,496.4529029
12/9/2021,653.5050173,487.050332
12/10/2021,872.3527776,478.0033764
12/11/2021,863.5636266,469.309081
12/12/2021,538.3186127,460.9649472
12/13/2021,246.8909709,452.9689944
12/14/2021,210.0226548,445.319817
12/15/2021,753.3743683,438.0166393
12/16/2021,237.9396026,431.0593643
12/17/2021,861.0929821,424.4486199
12/18/2021,247.9824831,418.1857991
12/19/2021,158.8173698,412.2730962
12/20/2021,362.833133,406.713537
12/21/2021,251.3727624,401.5110047
12/22/2021,273.9656831,396.670259
12/23/2021,414.3283143,392.1969509
12/24/2021,353.3381603,388.0976306
12/25/2021,170.7413301,384.3797501
12/26/2021,120.3949979,381.0516597
12/27/2021,230.6913622,378.1225981
12/28/2021,269.1549396,375.6026773
12/29/2021,305.1658831,373.5028604
12/30/2021,200.2229407,371.8349342
12/31/2021,305.5104945,370.6114757
1/1/2022,410.5167139,369.8458124
1/2/2022,823.8774279,369.5519772
1/3/2022,304.3346608,369.7446578
1/4/2022,477.7729357,370.4391402
1/5/2022,355.9013825,371.6512477
1/6/2022,189.20159,373.3972742
1/7/2022,214.1821631,375.6939131
1/8/2022,405.0743269,378.5581822
1/9/2022,712.6868758,382.0073434
1/10/2022,483.5915456,386.0588195
1/11/2022,609.216266,390.7301068
1/12/2022,345.0242715,396.0386855
1/13/2022,451.0317694,402.001926
1/14/2022,922.5390989,408.6369942
1/15/2022,644.6206075,415.9607537
1/16/2022,893.3269225,423.9896675
1/17/2022,884.6285418,432.7396975
1/18/2022,501.4671581,442.2262046
1/19/2022,1326.131545,452.4638471
1/20/2022,401.3668639,463.4664811
1/21/2022,956.0343935,475.2470601
1/22/2022,950.800327,487.8175366
1/23/2022,733.6247076,501.1887652
1/24/2022,328.8545488,515.3704078
1/25/2022,850.900151,530.3708416
1/26/2022,519.046597,546.1970696
1/27/2022,1387.068122,562.8546353
1/28/2022,526.7280829,580.3475409
1/29/2022,809.5060951,598.6781699
1/30/2022,649.1858496,617.8472151
1/31/2022,381.2328817,637.8536106
2/1/2022,307.5446054,658.6944709
2/2/2022,634.67694,680.3650345
2/3/2022,654.3421528,702.8586152
2/4/2022,416.1557554,726.1665588
2/5/2022,605.8990442,750.2782076
2/6/2022,1045.820587,775.180872
2/7/2022,1414.968132,800.859809
2/8/2022,795.4036249,827.2982096
2/9/2022,1660.913938,854.4771925
2/10/2022,875.9739335,882.3758075
2/11/2022,1622.759894,910.9710462
2/12/2022,1243.30775,940.2378612
2/13/2022,957.7486563,970.1491938
2/14/2022,578.3476582,1000.67601
2/15/2022,365.276495,1031.787346
2/16/2022,1269.584358,1063.450359
2/17/2022,910.143757,1095.630391
2/18/2022,419.9166729,1128.291038
2/19/2022,485.3611506,1161.394227
2/20/2022,432.3018802,1194.900302
2/21/2022,386.5930326,1228.768119
2/22/2022,516.2382186,1262.955145
2/23/2022,643.192755,1297.41757
2/24/2022,952.8170615,1332.110419
2/25/2022,2148.808191,1366.987675
2/26/2022,2051.193348,1402.002412
2/27/2022,1614.361803,1437.106924
2/28/2022,933.7132592,1472.252866
3/1/2022,955.4304805,1507.391406
3/2/2022,208.7280513,1542.473364
3/3/2022,274.7937726,1577.449376
3/4/2022,617.8427669,1612.270048
3/5/2022,1439.798587,1646.886114
3/6/2022,2267.658674,1681.248605
3/7/2022,1169.622757,1715.309011
3/8/2022,1963.479627,1749.01945
3/9/2022,2408.705848,1782.332833
3/10/2022,2625.625786,1815.203037
3/11/2022,2347.150457,1847.585066
3/12/2022,1431.844084,1879.435224
3/13/2022,2418.967341,1910.711277
3/14/2022,1969.50741,1941.372614
3/15/2022,2185.047177,1971.380413
3/16/2022,2535.085615,2000.697789
3/17/2022,2452.460957,2029.289954
3/18/2022,2216.880791,2057.124361
3/19/2022,2176.323738,2084.170847
3/20/2022,1839.987466,2110.401767
3/21/2022,3002.778384,2135.792128
3/22/2022,2712.769017,2160.31971
3/23/2022,1477.851366,2183.96518
3/24/2022,1989.168021,2206.712201
3/25/2022,2026.113627,2228.547529
3/26/2022,2491.398897,2249.461105
3/27/2022,2834.19073,2269.446132
3/28/2022,2219.930125,2288.499148
3/29/2022,2914.940781,2306.620083
3/30/2022,2780.652252,2323.81231
3/31/2022,2182.373291,2340.082686
4/1/2022,2653.426007,2355.441571
4/2/2022,1577.110359,2369.902854
4/3/2022,1673.864025,2383.483948
4/4/2022,1959.0518,2396.205789
4/5/2022,2162.925293,2408.09281
4/6/2022,2880.500941,2419.172916
4/7/2022,3105.337188,2429.477433
4/8/2022,2206.351154,2439.041059
4/9/2022,1867.692077,2447.901789
4/10/2022,2825.786281,2456.100842
4/11/2022,3089.634109,2463.682564
4/12/2022,1399.570642,2470.694327
4/13/2022,1882.391021,2477.186416
4/14/2022,1703.21511,2483.211898
4/15/2022,2278.420182,2488.82649
4/16/2022,3171.853765,2494.088411
4/17/2022,2887.944565,2499.058221
4/18/2022,3164.536775,2503.798659
4/19/2022,1648.429469,2508.374463
4/20/2022,2536.260953,2512.852185
4/21/2022,2552.304227,2517.300001
4/22/2022,2184.243794,2521.787506
4/23/2022,3137.399999,2526.385505
4/24/2022,3544.688326,2531.165804
4/25/2022,3341.968828,2536.200983
4/26/2022,1146.893758,2541.564176
4/27/2022,2362.175129,2547.328834
4/28/2022,2448.372176,2553.568498
4/29/2022,2910.143923,2560.356558
4/30/2022,3063.352498,2567.766017
5/1/2022,2534.456065,2575.869245
5/2/2022,2675.985446,2584.737744
5/3/2022,3522.754764,2594.441902
5/4/2022,2077.40727,2605.050755
5/5/2022,1720.506881,2616.631747
5/6/2022,3445.98138,2629.250497
5/7/2022,2492.136232,2642.97056
5/8/2022,2573.955175,2657.853205
5/9/2022,2448.392342,2673.957186
5/10/2022,3075.162552,2691.338527
5/11/2022,3411.404549,2710.050305
5/12/2022,2624.431172,2730.142454
5/13/2022,2351.868402,2751.661556
5/14/2022,3419.638271,2774.650666
5/15/2022,3947.428312,2799.14912
5/16/2022,3428.310062,2825.192375
5/17/2022,2606.857977,2852.811846
5/18/2022,2924.187787,2882.034759
5/19/2022,900.5442169,2912.884014
5/20/2022,2219.06235,2945.378065
5/21/2022,3320.53816,2979.530804
5/22/2022,4214.728591,3015.351466
5/23/2022,4273.072253,3052.844543
5/24/2022,3689.28347,3092.009716
5/25/2022,3651.601095,3132.841795
5/26/2022,4310.500972,3175.330681
5/27/2022,3156.055552,3219.461336
5/28/2022,3708.086039,3265.213773
5/29/2022,3173.509826,3312.563057
5/30/2022,2600.961885,3361.479327
5/31/2022,5108.540517,3411.927824
6/1/2022,4462.962753,3463.868943
6/2/2022,5470.654131,3517.258295
6/3/2022,4676.558537,3572.046787
6/4/2022,2640.189175,3628.180716
6/5/2022,2336.142957,3685.601873
6/6/2022,2548.286065,3744.247671
6/7/2022,2597.614288,3804.051275
6/8/2022,3645.002045,3864.941758
6/9/2022,4553.844313,3926.844263
6/10/2022,4387.167102,3989.680175
6/11/2022,3279.712444,4053.367314
6/12/2022,4501.367754,4117.820135
6/13/2022,863.6028177,4182.949937
6/14/2022,1367.621144,4248.665087
6/15/2022,2193.949738,4314.87125
6/16/2022,4140.021814,4381.471635
6/17/2022,4191.670316,4448.367237
6/18/2022,3402.164665,4515.457102
6/19/2022,3377.446657,4582.638588
6/20/2022,1740.546691,4649.807635
6/21/2022,4976.461742,4716.859044
6/22/2022,4871.337836,4783.686752
6/23/2022,5083.102242,4850.184124
6/24/2022,1821.091745,4916.244232
6/25/2022,6392.130889,4981.760148
6/26/2022,6898.567891,5046.625235
6/27/2022,6805.287765,5110.733431
6/28/2022,5978.884785,5173.979543
6/29/2022,5164.664552,5236.259532
6/30/2022,6382.100444,5297.470797
7/1/2022,6218.469383,5357.512455
7/2/2022,4771.043742,5416.28562
7/3/2022,2002.713908,5473.693669
7/4/2022,2184.306236,5529.642511
7/5/2022,7141.576246,5584.040843
7/6/2022,4805.87824,5636.800398
7/7/2022,6010.060165,5687.836186
7/8/2022,7166.656562,5737.066729
7/9/2022,6994.009397,5784.414275
7/10/2022,5755.027369,5829.805016
7/11/2022,6616.462965,5873.169281
7/12/2022,7068.232757,5914.441722
7/13/2022,4526.355212,5953.561493
7/14/2022,7544.444034,5990.472402
7/15/2022,7320.024266,6025.123065
7/16/2022,7873.113993,6057.46703
7/17/2022,7557.664713,6087.462901
7/18/2022,1537.774483,6115.074432
7/19/2022,7765.760454,6140.270621
7/20/2022,8074.101453,6163.025772
7/21/2022,8141.557497,6183.319556
7/22/2022,5747.196315,6201.137046
7/23/2022,6982.788657,6216.468737
7/24/2022,7358.585588,6229.310556
7/25/2022,3750.563867,6239.663845
7/26/2022,5896.67769,6247.535337
7/27/2022,6620.382896,6252.937113
7/28/2022,8259.927126,6255.88654
7/29/2022,6105.693654,6256.406194
7/30/2022,6934.925984,6254.523772
7/31/2022,7737.559486,6250.271983
8/1/2022,7473.61346,6243.688427
8/2/2022,6555.98526,6234.815456
8/3/2022,5362.780956,6223.700028
8/4/2022,6248.256666,6210.39354
8/5/2022,7076.709866,6194.951648
8/6/2022,7866.560686,6177.434085
8/7/2022,7624.144882,6157.90445
8/8/2022,7325.222457,6136.430002
8/9/2022,7409.15708,6113.081434
8/10/2022,2310.045513,6087.932639
8/11/2022,6994.408869,6061.060471
8/12/2022,6686.657462,6032.54449
8/13/2022,6820.870444,6002.466708
8/14/2022,7837.451471,5970.911326
8/15/2022,7021.865817,5937.964458
8/16/2022,6760.208612,5903.713863
8/17/2022,7156.309643,5868.248665
8/18/2022,7448.551314,5831.659067
8/19/2022,7007.317878,5794.036075
8/20/2022,6390.224767,5755.471209
8/21/2022,5762.915705,5716.056219
8/22/2022,5299.642466,5675.882801
8/23/2022,3634.624831,5635.042319
8/24/2022,4642.292688,5593.62552
8/25/2022,3658.119877,5551.722262
8/26/2022,3288.65806,5509.421241
8/27/2022,2429.490163,5466.809726
8/28/2022,3354.731014,5423.9733
8/29/2022,3475.715493,5380.995604
8/30/2022,3955.407814,5337.958098
8/31/2022,3993.728655,5294.93982
9/1/2022,3365.044979,5252.01716
9/2/2022,3976.769035,5209.263646
9/3/2022,3089.176626,5166.749737
9/4/2022,2742.843951,5124.542628
9/5/2022,3085.779716,5082.706069
9/6/2022,3594.102103,5041.300197
9/7/2022,3544.937431,5000.381376
9/8/2022,2624.770055,4960.00206
9/9/2022,4539.905066,4920.210659
9/10/2022,5227.73126,4881.05143
9/11/2022,4777.517173,4842.564377
9/12/2022,1819.930159,4804.785165
9/13/2022,2654.840098,4767.745057
9/14/2022,6052.397156,4731.470854
9/15/2022,5892.804078,4695.984866
9/16/2022,3959.704564,4661.304886
9/17/2022,6178.373152,4627.444184
9/18/2022,5510.296055,4594.411524
9/19/2022,3256.636108,4562.211182
9/20/2022,6246.398224,4530.842994
9/21/2022,6844.313926,4500.302412
9/22/2022,1655.668902,4470.580573
9/23/2022,4612.432622,4441.664394
9/24/2022,6324.833679,4413.536665
9/25/2022,5690.210655,4386.176171
9/26/2022,5819.667028,4359.557822
9/27/2022,5513.639981,4333.652793
9/28/2022,5206.189267,4308.428683
9/29/2022,2964.494482,4283.84968
9/30/2022,2752.480404,4259.876743
10/1/2022,6285.125601,4236.467795
10/2/2022,5840.114027,4213.577917
10/3/2022,6329.111181,4191.159565
10/4/2022,6390.121458,4169.162787
10/5/2022,5577.321999,4147.535449
10/6/2022,6227.096415,4126.223472
10/7/2022,5873.16939,4105.171072
10/8/2022,6609.943493,4084.321006
10/9/2022,6393.556446,4063.614827
10/10/2022,3753.044622,4042.993132
10/11/2022,6189.85794,4022.39583
10/12/2022,5144.813098,4001.762394
10/13/2022,6240.378526,3981.032129
10/14/2022,3530.337325,3960.14443
10/15/2022,6004.840631,3939.039046
10/16/2022,6039.015295,3917.65634
10/17/2022,5664.560276,3895.937544
10/18/2022,5415.71343,3873.82502
10/19/2022,5434.814353,3851.262504
10/20/2022,2189.860291,3828.195356
10/21/2022,694.8197095,3804.570799
10/22/2022,819.9206791,3780.338153
10/23/2022,979.9324344,3755.449061
10/24/2022,4121.579756,3729.857708
10/25/2022,3735.001832,3703.52103
10/26/2022,4993.406705,3676.398916
10/27/2022,2590.525514,3648.454396
10/28/2022,2081.35852,3619.653823
10/29/2022,3299.356736,3589.967038
10/30/2022,1020.632234,3559.367531
10/31/2022,1677.100864,3527.83258
11/1/2022,602.090436,3495.343387
11/2/2022,996.5659299,3461.885195
11/3/2022,4178.80693,3427.447388
11/4/2022,3560.825822,3392.023591
11/5/2022,1271.785369,3355.611736
11/6/2022,2354.520196,3318.214134
11/7/2022,1138.471707,3279.837513
11/8/2022,3785.21442,3240.493061
11/9/2022,2440.675296,3200.196436
11/10/2022,3930.367574,3158.967773
11/11/2022,4285.998601,3116.831672
11/12/2022,2285.588894,3073.817172
11/13/2022,3540.990191,3029.95771
11/14/2022,4367.937987,2985.291065
11/15/2022,3198.905556,2939.85929
11/16/2022,1611.350676,2893.708627
11/17/2022,3844.887206,2846.889411
11/18/2022,4053.04983,2799.455959
11/19/2022,3800.142301,2751.466448
11/20/2022,1955.965098,2702.982774
11/21/2022,3703.59332,2654.070413
11/22/2022,1438.143501,2604.798253
11/23/2022,3112.256908,2555.238427
11/24/2022,593.8935436,2505.466133
11/25/2022,1838.415197,2455.559442
11/26/2022,3521.903079,2405.599099
11/27/2022,689.2458849,2355.668312
11/28/2022,1279.679725,2305.852539
11/29/2022,2870.589718,2256.239266
11/30/2022,922.5318756,2206.91777
12/1/2022,1310.176176,2157.978894
12/2/2022,1926.105806,2109.514797
12/3/2022,3239.763155,2061.618718
12/4/2022,2889.903474,2014.384723
12/5/2022,327.9134387,1967.907457
12/6/2022,485.7889441,1922.281893
12/7/2022,2425.105942,1877.60308
12/8/2022,1885.942579,1833.965885
12/9/2022,2836.912829,1791.464751
12/10/2022,1814.274112,1750.193434
12/11/2022,1027.811358,1710.244767
12/12/2022,1291.329644,1671.710404
12/13/2022,2816.501505,1634.680588
12/14/2022,1225.960302,1599.243904
12/15/2022,2396.040544,1565.487058
12/16/2022,1069.040089,1533.49464
12/17/2022,1133.288639,1503.348913
12/18/2022,1178.92498,1475.129597
12/19/2022,2435.096362,1448.913665
12/20/2022,584.394604,1424.775145
12/21/2022,1028.104706,1402.784937
12/22/2022,1962.799133,1383.010632
12/23/2022,686.4258256,1365.516345
12/24/2022,1313.549481,1350.362559
12/25/2022,2234.60363,1337.605974
12/26/2022,1065.993206,1327.299377
12/27/2022,323.7548846,1319.491514
12/28/2022,714.9478757,1314.226982
12/29/2022,1956.310624,1311.546122
12/30/2022,1731.456307,1311.484939
12/31/2022,2403.649016,1314.075019
1/1/2023,3078.886677,1319.343473
1/2/2023,3029.692122,1327.312881
1/3/2023,3127.706065,1338.001258
1/4/2023,3441.354946,1351.422027
1/5/2023,2032.733273,1367.584008
1/6/2023,3067.384834,1386.491416
1/7/2023,2101.743965,1408.143877
1/8/2023,1179.593983,1432.536449
1/9/2023,3078.217233,1459.659663
1/10/2023,2937.996563,1489.49957
1/11/2023,2181.522633,1522.037799
1/12/2023,1129.79837,1557.251632
1/13/2023,1911.205859,1595.114088
1/14/2023,2321.537629,1635.594012
1/15/2023,526.1778788,1678.656178
1/16/2023,701.2654895,1724.261409
1/17/2023,1230.423753,1772.366691
1/18/2023,2913.810324,1822.925309
1/19/2023,2135.405355,1875.886986
1/20/2023,2223.124553,1931.198029
1/21/2023,3529.912639,1988.801483
1/22/2023,963.8777701,2048.637295
1/23/2023,1804.714201,2110.642477
1/24/2023,1617.822302,2174.751284
1/25/2023,960.7031016,2240.895386
1/26/2023,2683.675336,2309.004053
1/27/2023,357.430343,2379.004341
1/28/2023,2043.525178,2450.82128
1/29/2023,3265.404106,2524.378062
1/30/2023,2012.282831,2599.596241
1/31/2023,1976.996299,2676.395919
2/1/2023,1227.729726,2754.695948
2/2/2023,1047.813965,2834.414118
2/3/2023,2429.750818,2915.467358
2/4/2023,3573.635456,2997.771923
2/5/2023,2199.049075,3081.243589
2/6/2023,3900.088554,3165.797842
2/7/2023,909.8090315,3251.35006
2/8/2023,2957.046581,3337.815703
2/9/2023,3864.882108,3425.110485
2/10/2023,4534.858145,3513.150552
2/11/2023,4896.720851,3601.852652
2/12/2023,3617.463931,3691.134299
2/13/2023,1555.375807,3780.913931
2/14/2023,5085.641055,3871.111066
2/15/2023,4975.934225,3961.646446
2/16/2023,2620.638821,4052.442178
2/17/2023,2827.159771,4143.421866
2/18/2023,4121.214526,4234.51074
2/19/2023,4166.149609,4325.635771
2/20/2023,1574.123376,4416.725784
2/21/2023,2478.73855,4507.711557
2/22/2023,2904.017201,4598.525922
2/23/2023,3166.667842,4689.103847
2/24/2023,4738.012857,4779.382516
2/25/2023,5356.490222,4869.301401
2/26/2023,4370.166074,4958.80232
2/27/2023,6826.75539,5047.829496
2/28/2023,3364.203421,5136.329598
3/1/2023,5869.918998,5224.251783
3/2/2023,6419.426962,5311.54772
3/3/2023,6485.791923,5398.171618
3/4/2023,8284.308797,5484.080233
3/5/2023,2615.467348,5569.232882
3/6/2023,3779.721345,5653.591432
3/7/2023,5823.218122,5737.1203
3/8/2023,3943.170244,5819.786436
3/9/2023,6481.224658,5901.559296
3/10/2023,3282.935697,5982.410818
3/11/2023,7215.559349,6062.315387
3/12/2023,7774.27128,6141.249795
3/13/2023,5438.892757,6219.193191
3/14/2023,7778.14817,6296.127034
3/15/2023,7287.74278,6372.035038
3/16/2023,9217.895179,6446.903107
3/17/2023,9332.087724,6520.719276
3/18/2023,7731.406947,6593.473639
3/19/2023,9348.542206,6665.158277
3/20/2023,8702.458746,6735.76719
3/21/2023,8719.853767,6805.296212
3/22/2023,7471.366009,6873.742937
3/23/2023,9027.561995,6941.106636
3/24/2023,8375.570403,7007.388177
3/25/2023,6629.903683,7072.589937
3/26/2023,7428.754417,7136.715723
3/27/2023,6145.420577,7199.770682
3/28/2023,9915.810811,7261.761223
3/29/2023,9848.287806,7322.694926
3/30/2023,9292.550507,7382.580463
3/31/2023,8912.487827,7441.427512
4/1/2023,6295.176559,7499.246679
4/2/2023,4079.650899,7556.049413
4/3/2023,4741.262367,7611.847934
4/4/2023,5567.090799,7666.65515
4/5/2023,9864.528869,7720.484589
4/6/2023,10508.48106,7773.35032
4/7/2023,8343.723637,7825.266893
4/8/2023,8279.195795,7876.249263
4/9/2023,5359.325459,7926.312736
4/10/2023,6373.033033,7975.4729
4/11/2023,7597.418196,8023.745574
4/12/2023,5874.98145,8071.146749
4/13/2023,7109.175266,8117.692543
4/14/2023,9006.911211,8163.399148
4/15/2023,10495.97746,8208.282789
4/16/2023,9176.691623,8252.359682
4/17/2023,7493.761127,8295.645999
4/18/2023,7249.919492,8338.157831
4/19/2023,1935.557339,8379.911157
4/20/2023,3369.295683,8420.921822
4/21/2023,4514.374948,8461.205505
4/22/2023,9412.989067,8500.777704
4/23/2023,8601.673602,8539.653711
4/24/2023,6757.25613,8577.848603
4/25/2023,8312.766206,8615.377224
4/26/2023,6173.219672,8652.254178
4/27/2023,10084.44158,8688.493817
4/28/2023,9881.187816,8724.110236
4/29/2023,11223.30658,8759.117271
4/30/2023,11365.52878,8793.528491
5/1/2023,10727.27739,8827.357204
5/2/2023,11601.11215,8860.61645
5/3/2023,11422.63478,8893.319007
5/4/2023,9170.143038,8925.477393
5/5/2023,9390.047966,8957.103866
5/6/2023,3225.791602,8988.210429
5/7/2023,6873.003099,9018.808835
5/8/2023,8713.003546,9048.910587
5/9/2023,8444.001906,9078.526946
5/10/2023,9204.695716,9107.66893
5/11/2023,7515.413959,9136.347319
5/12/2023,10895.28577,9164.572657
5/13/2023,12184.41095,9192.355249
5/14/2023,10401.01073,9219.705167
5/15/2023,11332.21336,9246.632244
5/16/2023,9154.012084,9273.146072
5/17/2023,7181.068443,9299.255998
5/18/2023,12355.03849,9324.971118
5/19/2023,10452.62654,9350.30027
5/20/2023,8155.924579,9375.252023
5/21/2023,10584.28578,9399.834667
5/22/2023,7059.931108,9424.056196
5/23/2023,11380.50859,9447.924298
5/24/2023,7792.231098,9471.446333
5/25/2023,7997.163693,9494.629315
5/26/2023,10730.70271,9517.479891
5/27/2023,7454.983416,9540.004316
5/28/2023,11523.56546,9562.20843
5/29/2023,9883.498872,9584.097625
5/30/2023,12745.91597,9605.676824
5/31/2023,10271.82414,9626.95044
6/1/2023,4369.043882,9647.922354
6/2/2023,10911.12364,9668.595872
6/3/2023,5258.070406,9688.973695
6/4/2023,12748.87004,9709.05788
6/5/2023,12605.90557,9728.849803
6/6/2023,8613.056437,9748.350119
6/7/2023,12463.17549,9767.558728
6/8/2023,10734.50527,9786.474728
6/9/2023,8731.071048,9805.096382
6/10/2023,10202.57246,9823.421076
6/11/2023,9547.938114,9841.445277
6/12/2023,10885.1265,9859.164501
6/13/2023,12205.54358,9876.573266
6/14/2023,4376.918877,9893.665063
6/15/2023,8104.464826,9910.432318
6/16/2023,11008.41631,9926.866357
6/17/2023,9515.221482,9942.957373
6/18/2023,4882.683789,9958.6944
6/19/2023,10334.98661,9974.065282
6/20/2023,5626.865794,9989.056648
6/21/2023,10923.66834,10003.65389
6/22/2023,13183.80253,10017.84116
6/23/2023,12825.87596,10031.60131
6/24/2023,11532.13038,10044.91594
6/25/2023,10376.68531,10057.76534
6/26/2023,11997.9339,10070.12853
6/27/2023,10220.22854,10081.9832
6/28/2023,10264.84292,10093.3058
6/29/2023,12194.06529,10104.07146
6/30/2023,9474.984315,10114.25406
7/1/2023,12422.54701,10123.82625
7/2/2023,10039.11074,10132.75944
7/3/2023,8678.405198,10141.02388
7/4/2023,8595.94628,10148.58862
7/5/2023,12218.32769,10155.42163
7/6/2023,9215.664182,10161.48981
7/7/2023,9661.835807,10166.75902
7/8/2023,12277.61832,10171.1942
7/9/2023,11768.21836,10174.75934
7/10/2023,9584.07677,10177.41764
7/11/2023,8951.379421,10179.13153
7/12/2023,9071.776681,10179.86274
7/13/2023,6492.07484,10179.57244
7/14/2023,8273.416083,10178.22125
7/15/2023,9460.47466,10175.7694
7/16/2023,11037.39936,10172.17679
7/17/2023,8369.768136,10167.40309
7/18/2023,9903.379769,10161.40789
7/19/2023,10192.24746,10154.15073
7/20/2023,11037.95749,10145.59129
7/21/2023,9955.562722,10135.68948
7/22/2023,12373.2933,10124.40553
7/23/2023,12205.26094,10111.70015
7/24/2023,10700.37956,10097.53463
7/25/2023,10216.63885,10081.871
7/26/2023,11879.33724,10064.67212
7/27/2023,9111.10167,10045.9018
7/28/2023,4887.010041,10025.52499
7/29/2023,10915.38281,10003.50786
7/30/2023,9483.318194,9979.817916
7/31/2023,12377.17082,9954.424186
8/1/2023,12679.78337,9927.2973
8/2/2023,10663.0764,9898.409633
8/3/2023,11919.68181,9867.735431
8/4/2023,10632.724,9835.250927
8/5/2023,8252.872779,9800.934463
8/6/2023,10879.96594,9764.766608
8/7/2023,9851.782579,9726.730264
8/8/2023,8288.207119,9686.810778
8/9/2023,5829.84019,9644.996043
8/10/2023,8319.669667,9601.276598
8/11/2023,11136.54473,9555.645714
8/12/2023,6778.086351,9508.099488
8/13/2023,11988.54092,9458.636918
8/14/2023,11689.87075,9407.259976
8/15/2023,11059.673,9353.973675
8/16/2023,10945.39597,9298.786127
8/17/2023,9217.325868,9241.708595
8/18/2023,6382.616547,9182.755532
8/19/2023,7776.17564,9121.944618
8/20/2023,5691.675382,9059.296785
8/21/2023,3316.27931,8994.836233
8/22/2023,4577.975164,8928.590437
8/23/2023,9502.570126,8860.590147
8/24/2023,9105.721276,8790.869375
8/25/2023,10261.21318,8719.465374
8/26/2023,11323.52443,8646.418612
8/27/2023,10698.96067,8571.772726
8/28/2023,10989.44878,8495.574476
8/29/2023,9648.588065,8417.873688
8/30/2023,4782.559974,8338.72318
8/31/2023,4606.657035,8258.178687
9/1/2023,9098.202773,8176.298772
9/2/2023,8922.17212,8093.144731
9/3/2023,6164.639456,8008.780486
9/4/2023,2247.81213,7923.272469
9/5/2023,8319.928532,7836.689498
9/6/2023,6051.477435,7749.102648
9/7/2023,10711.67644,7660.58511
9/8/2023,4145.109198,7571.212041
9/9/2023,9771.499897,7481.060413
9/10/2023,11214.34994,7390.208846
9/11/2023,9111.237317,7298.737446
9/12/2023,8846.706928,7206.727625
9/13/2023,6433.768685,7114.261922
9/14/2023,10620.86159,7021.42382
9/15/2023,10724.16904,6928.297555
9/16/2023,10713.94502,6834.967922
9/17/2023,5495.8088,6741.520077
9/18/2023,6870.68871,6648.039337
9/19/2023,6226.035901,6554.610979
9/20/2023,5087.323246,6461.320035
9/21/2023,9958.939084,6368.251086
9/22/2023,6010.681876,6275.488057
9/23/2023,7900.354124,6183.114009
9/24/2023,7220.215702,6091.210939
9/25/2023,5991.771506,5999.859572
9/26/2023,6362.567114,5909.139163
9/27/2023,5601.708772,5819.127295
9/28/2023,7242.650869,5729.899688
9/29/2023,7195.086622,5641.530004
9/30/2023,1319.687593,5554.089662
10/1/2023,2147.667297,5467.647659
10/2/2023,4240.02715,5382.27039
10/3/2023,5751.085331,5298.021481
10/4/2023,2246.977796,5214.961628
10/5/2023,3625.831368,5133.148439
10/6/2023,7967.869539,5052.636294
10/7/2023,7976.719181,4973.476198
10/8/2023,7820.826655,4895.71566
10/9/2023,7607.729262,4819.398569
10/10/2023,3932.898304,4744.565085
10/11/2023,1938.000035,4671.251542
10/12/2023,1499.44155,4599.490357
10/13/2023,1842.054524,4529.309953
10/14/2023,5969.495223,4460.734694
10/15/2023,6072.674864,4393.78483
10/16/2023,2765.316929,4328.476452
10/17/2023,3834.973407,4264.821463
10/18/2023,2288.617476,4202.827561
10/19/2023,6493.445191,4142.498228
10/20/2023,3708.677172,4083.832741
10/21/2023,2347.942654,4026.826186
10/22/2023,1181.201841,3971.469492
10/23/2023,477.0193968,3917.74947
10/24/2023,1487.985452,3865.648873
10/25/2023,1823.788226,3815.146458
10/26/2023,2173.812637,3766.217071
10/27/2023,4152.561986,3718.831732
10/28/2023,2513.737901,3672.957742
10/29/2023,6610.825735,3628.558794
10/30/2023,6197.727834,3585.595098
10/31/2023,5503.237107,3544.023517
11/1/2023,4977.858226,3503.797711
11/2/2023,1599.666241,3464.868292
11/3/2023,4495.286225,3427.182987
11/4/2023,663.6072627,3390.686814
11/5/2023,2157.346268,3355.32226
11/6/2023,3348.583442,3321.029469
11/7/2023,1521.439855,3287.746441
11/8/2023,4418.546303,3255.409232
11/9/2023,4667.732144,3223.952162
11/10/2023,4302.061857,3193.30803
11/11/2023,3442.818566,3163.408328
11/12/2023,4447.556555,3134.183469
11/13/2023,4391.609513,3105.563004
11/14/2023,4813.968445,3077.475857
11/15/2023,911.2357882,3049.850548
11/16/2023,4496.265218,3022.615427
11/17/2023,4859.660319,2995.698903
11/18/2023,4384.829556,2969.029672
11/19/2023,3971.314771,2942.536949
11/20/2023,4595.542168,2916.150694
11/21/2023,720.1647168,2889.801834
11/22/2023,1754.186501,2863.422486
11/23/2023,727.4548655,2836.946175
11/24/2023,4486.463926,2810.308041
11/25/2023,2757.357559,2783.445052
11/26/2023,3099.602924,2756.296199
11/27/2023,1820.448483,2728.802695
11/28/2023,4520.235377,2700.908155
11/29/2023,2835.154196,2672.558782
11/30/2023,2464.251404,2643.703531
12/1/2023,2319.607476,2614.294273
12/2/2023,1596.839533,2584.285945
12/3/2023,2573.419745,2553.636691
12/4/2023,2588.654086,2522.307995
12/5/2023,993.3757362,2490.264798
12/6/2023,2399.032369,2457.475608
12/7/2023,383.0251711,2423.912595
12/8/2023,509.9542819,2389.55168
12/9/2023,925.8321247,2354.372603
12/10/2023,3289.675271,2318.358985
12/11/2023,1534.566789,2281.498375
12/12/2023,3883.424906,2243.782287
12/13/2023,3363.946358,2205.206219
12/14/2023,978.7906047,2165.769662
12/15/2023,1700.997203,2125.476098
12/16/2023,2859.872017,2084.33298
12/17/2023,3297.362195,2042.351705
12/18/2023,507.4679442,1999.547571
12/19/2023,1209.080401,1955.939719
12/20/2023,2240.707529,1911.551069
12/21/2023,2298.932811,1866.408236
12/22/2023,3325.637982,1820.541444
12/23/2023,2359.435552,1773.984416
12/24/2023,4189.215053,1726.774268
12/25/2023,3890.450683,1678.951373
12/26/2023,3711.135686,1630.559235
12/27/2023,2932.484575,1581.644339
12/28/2023,3632.343161,1532.255997
12/29/2023,3417.202274,1482.446181
12/30/2023,3160.854955,1432.269358
12/31/2023,3204.4486,1381.7823
